detail_key,article_id,title,author
r176,Z2o1om,#นางร้ายป้ายสี | ENJOY & JUNE,บฉ
r1214,Z7m2uu,Ban Khanom Thian - Enjoyjune,K.Khaikhem
r5775,Zcop0o,ให้คืนละแสน | JuneEnjoy,อักษราลี
r8224,Zebwih,Clan|Enjoyjune,คืนดวงจันทร์🖋️
r9804,Zf5ou1,(OS) REBUILDING US / ENJOYJUNE,Medulla
r9832,Zf69ho,Madam enjoyjune,ปานตะวัน
r9855,Zf6nw6,Her Sister : น้องเธอคือผู้หญิงของฉัน,WritersQ
r9857,Zf6p2k,ข้างจันทร์|EnjoyJune,Dreamy_JJ
r9920,Zf7s45,คุณคนซึน | EnjoyJune,สายลับหมูเค็ม
r9933,Zf7wdm,ache|enjoyJune.,อ่ยนิ้วเบียด
r9942,Zf819g,Please tell Geneva - EnjoyJune,Kcx
r9944,Zf81i7,between | enjoyjune,mongmaengbae_th
r9964,Zf89ht,Right Track - enjoyjune,sweetdreamworld
r9972,Zf8d7d,เสมือนดวงใจ | enjoyjune,💫TRUBY
r9975,Zf8eap,Complicated | enjoyjune,Chonlatid
r9991,Zf8wg4,กาฬวิฬาร์ | enjoyjune,crushonjune
r9999,Zf93x0,เจ๋งจะมัดใจสาว -EnjoyJune,Paper _Wine
r10013,Zf9b6d,คุณพายเป็นของอุ่นนะ!,joju
r10022,Zf9i69,จูนเอนจอย,รักในนิยาย
r10034,Zf9n08,หมาเด็กกับแมวสาว | Enjoyjune,Talay_ss
r10041,Zf9q4h,She’s my reason | enjoyjune,gindy
r10045,Zf9vef,丽琳 / Enjoyjune,Skys_MJ
r10049,Zf9wk1,รักสุดท้าย|EnjoyJune|OS END,Dreamy_JJ
r10054,Zfa39d,LADY JUNE |EnjoyJune,Nep'ster
r10057,Zfa5cp,got her back | enjoyjune,notalivebutstillwalking
r10082,Zfagom,ที่ไม่กล้ารัก | Enjoyjune,เสี้ยวตะวัน
r10098,Zfapxn,"The TOP (เดอะท็อป) l JuneEnjoy , จูนเอนจอย",หัวใจกะพรุน
r10117,Zfb0d1,wait a minute 10 นาทีที่ฉัน(ไม่)รอเธอ | enjoyjune,pianista
r10120,Zfb28l,ยัยจิ๋วกับพี่จ๋า  #EnjoyJune,YooMee.Y
r10139,Zfbgo1,Fall in love alone | EnjoyJune,ดอกไม้ของเธอ
r10177,Zfc59c,หมาเด็กแอบรักแมวหยิ่ง enjoyjune,ฟินหรือขมดี
r10215,Zfcwuh,Sugar mommy,Cai Hong
r10220,Zfcy6q,คุณภรรยา#เอนจอยจูน,เจ้าพูม่า
r10241,Zfdbdl,รอแค่คำว่ารักจากเธอ…..,โปเชโกะของพสคส
r10257,Zfdlwh,"วัยเบญจเพสของเขตต์ฐาน , juneenjoy (เดี๋ยวไรท์มาต่อนะคะ)",someonewillbebeautiful
r10266,Zfdq7o,ฉัน(ไม่มีทาง)ยอมแพ้ |EnjoyJune,Dreamy_JJ
r10272,Zfds7n,#คุณจีอย่าด่า — enjoyjune,thisvibes
r10279,Zfdxhc,Marriage Story | Enjoyjune,Varayn
r10296,Zfe7sv,ไหนวิวไหน | Juneenjoy,pandaiscomingtotown
r10313,Zfegge,นะหนูนะ (enjoyjune),jelllycherryblue
r10329,Zfeo8u,พี่แคนไงเล่าที่เอนจอยเลือกเอง,แมวชอบปลุก
r10331,Zfer3i,คุณหมอตัวแม่ แพ้ทรงหมาเด็ก [เอนจอยจูน] มี[E-book],ปราณรวีร์
r10332,Zferhb,The Last Tear ; EnjoyJune,hirun
r10335,Zfeucp,เล่ห์รักใต้สายฝน|enjoyjune,จันทร์ในมือ
r10355,Zff62k,LILITH |JuneEnjoy|,Tawan
r10368,Zffbpk,หัวใจหมอฉุกเฉิน | enjoyjune,noelle wren
r10395,Zffqqf,คุณณัณณิริณ [EnjoyJune] [มีE-book],ปราณรวีร์
r10397,Zffrbr,The One I Called You,[Better]Fine
r10398,Zffri4,เพียงอร|Enjoyjune,จูจุ๊จุ๊จุ๊
r10404,Zffuqd,ไม่ชอบเด็ก|เอนจอยจูน,dream land✨
r10426,Zfgc8b,มัดใจยัยซน|Enjoyjune,จันทร์ในมือ
r10430,Zfgdx7,เมื่อซอมพอหวาน | JuneEnjoy,Bebmeowmeow
r10451,Zfgnlu,พี่ไม่ชอบเด็ก |enjoyjune,Khun Phak
r10452,Zfgnr3,ระยะขนตา | Enjoyjune,nowheresafe
r10461,Zfgqs3,หึงหวง|enjoyjune,ฝากผลงานด้วยนะคะ🥺
r10468,Zfgwaj,Lust and Lies,Khemmika.
r10472,Zfh31l,ถึงไม่มีเขาเราก็ไม่ได้รักกันอยู่ดี,มาลีน่า
r10475,Zfh5fy,อย่ามาทำให้ฉันใจสั่นสิคะนักศึกษา[EnjoyJune],Dreamy_JJ
r10479,Zfh731,เอื้อยเพลงค้าบ | Enjoyjune,แมงง๊องแง๊ง
r10481,Zfh8pu,พี่คนสวยเอาใจยาก | JuneEnjoy,ไรท์
r10486,Zfhb28,บ่วงรักสลักใจ | Enjoyjune,JIRALUK♡
r10489,Zfhc47,fav ex | EnjoyJune,Kcx
r10500,Zfhjdh,เมษาของอาโป | enjoyjune,ไอ้เต้อ
r10546,Zfiftq,ริน(คลั่ง)รัก? -JuneEnjoy,9713
r10565,Zfiw0a,table for two | EnjoyJune,Millymewz
r10567,Zfixvi,มัจฉะแก้วนึง | enjoyjune.,โอโรส
r10598,Zfjcnn,beneath the spotlight วี(ไม่มี)วันจิ้น| EnjoyJune,pianista
r10613,Zfjjs3,Got played by a younger one | Enjoyjune,MiLooo
r10627,Zfjufw,21 day | enjoyjune,Khemmika.
r10634,Zfk2kp,รินทร์ธิดา | ENJOYJUNE,kylian
r10635,Zfk33i,คนสวยของผม|จูนเอนจอย,คุณเด
r10636,Zfk3b7,La Noche | enjoyjune,pobpunruk.
r10661,Zfkl0o,ร้านเกี๊ยวเเอบรัก|จูนเอนจอย,คุณเด
r10669,Zfkn77,ในนามของศาล | enjoyjune,deklaw
r10674,Zfkory,oneshot | ENJOYJUNE,kylian
r10681,Zfkt8r,สิงหาหน้าร้อน,Blueboyninetynine
r10697,Zfl3qd,Matter More — enjoyjune,𝙨𝙚𝙥.
r10701,Zfl5ka,คุณปัท / enjoyjune,pgarlb
r10712,Zfl9e3,ซูเยว่ (enjoyjune),Iced.cappucino
r10756,Zfm18e,Lose Love สิ้นสุดสถานะ(รัก)| enjoyjune,antdeljune.
r10772,Zfm6v6,ดาราสาวคนโปรด,spare time
r10794,Zfmkia,ไม่สนิท | ENJOYJUNE,OLARA
r10813,Zfmsmr,1st | EnjoyJune,extraordinary_
r10828,Zfn2nn,จันทร์ในนิทรา \ JuneEnjoy,Blufrost\`
r10834,Zfn43c,วีรักแม่|enjoyjune,แฮมเต้อปัดเป๋
r10837,Zfn5jv,飞龙心 | enjoyjune,Khemmika.
r10839,Zfn60y,ระหว่างตัวเลข | enjoyjune,pannit
r10851,Zfnc1h,หนุ่นตี๋ที่เธอฝัน | enjoyjune,จุ่มหมูเด้ง
r10852,Zfncnd,LILLY GARDEN |ENJOYJUNE,Nep'ster
r10876,Zfnoy9,เอนจอยไปกับจูน,tomato
r10889,Zfnu0i,ทนายเมียน้อย | enjoyjune,เสี้ยวตะวัน
r10893,Zfnv8k,เพียงหนึ่งเดียว | enjoyjune,น้องฟอย
r10901,Zfo2d4,PAET TIME 1|ENJOYJUN,Thatcharin_jeed
r10902,Zfo2ii,Ms. | Enjoyjune,fleur❀
r10906,Zfo4gj,พี่สาวค้าบบ|enjoyjune,ฟินหรือขมดี
r10944,Zfoxgo,ยินดีที่ได้รู้จัก | EnjoyJune,ตุลาที่รัก
r10948,Zfp06u,Hearts Apart #ใต้เงาคุณหนู,gaypanic
r10952,Zfp4bl,เพียงแค่เธอยังอยู่ในใจ,คีรินทร์🐰✨
r10980,Zfpsqb,แม่ทูลหัว | Juneenjoy,Fur
r10991,Zfpw3w,ยอมจำนนฟ้าดิน ² | EnjoyJune,Varayn
r11018,Zfq69d,Nicha or Mekfon,Khemmika.
r11029,Zfqcyi,เพียงรชา | EnjoyJune,ตุลาที่รัก
r11034,Zfqelt,วันเกิดฉันปีนี้,Saturn22hz
r11043,Zfqmr6,Bad B*tch | ENJOYJUNE,OLARA
r11053,Zfqrwu,BluePage|ENJOYJUNE,kylian
r11067,Zfr4e1,วิชาแอบชอบ,K.Khaikhem
r11088,Zfrmr6,คุณเวพร้อมรัก-EnjoyJune,ยี่สิบธันวา
r11103,Zfrsow,Any Mellow แก้มนุ่มๆพี่ขอได้ไหมคะ?,Bebmeowmeow
r11106,Zfrw8v,"Just you, My ghost - enjoyjune",spare time
r11117,Zfs2o1,Love u more than u love yourself |EnjoyJune,MiLooo
r11127,Zfs90t,"Her Heart, Her Mafia | EnjoyJune",Millymewz
r11129,Zfsacr,ชอบใครก็จีบคนนั้นดิ | EnjoyJune,Nanni_.
r11152,Zfsr4d,คิรินลัลน์จะไม่ทน | ENJOYJUNE,OLARA
r11162,Zfsw2w,"""เด็กมี๊""#เอนจอยจูน",นามปากกา
r11195,Zftir4,ยดทดรจ |Enjoyjune,ช่บจ๋องง
r11272,Zfus6s,แฟนเก่าคนโปรด,เงาแห่งความผูกพัน⏳
r11282,Zfv0jh,ex-wife l enjoyjune,จุ่มหมูเด้ง
r11312,Zfviop,เฟยเทียน #EnjoyJune,野花！
r11319,Zfvmsg,Reuse | EnjoyJune,-xnir
r11348,Zfw75i,ยัยป้าเลขาเฉิ่ม | เอนจอยจูน,บุษบาในสายหมอก
r11350,Zfw920,ลมไม่อาจหวนคืน,ลมไม่อาจหวนคืน
r11397,Zfwwnj,เป็นไรกัน #Enjoyjune,วันสุก
r11411,Zfx5qt,คือเธอ,เงาแห่งความผูกพัน⏳
r11454,Zfy1g2,คุณออมสิน | Enjoyjune,K.Khaikhem
r11471,Zfyern,Shadowed Hearts / JuneEnjoy,เมฆสีทอง
r11489,Zfyq5u,"Our Story, Untold | EnjoyJune",Millymewz
r11495,Zfyt3e,Her |EnjoyJune,KhunP
r11510,Zg035p,Outgrown — enjoyjune,Raindropfall.p
r11514,Zg05fv,เมื่อม่านฟ้าพบคนโปรด | enjoyjune,littleqaw
r11520,Zg08vo,하니바 | enjoyjune,วันที่ซาวหก
r11523,Zg09sh,รินนภัส | EnjoyJune,-xnir
r11526,Zg0d4l,มารักน้องเถอะ|enjoy june,ยูริ
r11543,Zg0ky5,"อี๊ณัฐรักจีนส์หน่อย | enjoyjune , lenamiu",W_006
r11571,Zg10sv,ONS.เธอไม่จำ แต่ฉันไม่ลืม| Enjoyjune,OLARA
r11576,Zg14o6,ยัยขี้งอนกับนายขี้ตื้อ,ดาวเหนือ
r11580,Zg160h,ภีมภัทรฐานิศว์ ¹ | Enjoyjune,Varayn
r11602,Zg1j43,สิ่งมีชีวิต ที่เรียกว่าฉัน,ดุ๊กดิ๊ก
r11606,Zg1k8t,พราวมุก...ทิวเขา,🌙กฎของพระจันทร์🌙
r11623,Zg1vg9,เสียงลับหลังเวที - EnjoyJune,Asiakubb
r11627,Zg1xtx,เพียวไม่ชอบสีชมพู  | เอนจอยจูน,Khemmika.
r11636,Zg26l2,"Once More, With You | EnjoyJune",Millymewz
r11638,Zg275b,กำแพงของเพลง,🌙กฎของพระจันทร์🌙
r11672,Zg2my3,รักซ่อนในสายใย - EnjoyJune,Asiakubb
r11675,Zg2rjf,รักอลเวงวิวาห์อลวน,FonFha
r11682,Zg2wiu,My wife / enjoyjune,spare time
r11721,Zg3iva,หยุดรัก | ENJOYJUNE,OLARA
r11745,Zg3vee,Audit(this ) love #เอนจอยจูน,ButterJ🧈
r11769,Zg460b,ภัทรธารา | EnjoyJune,ตุลาที่รัก
r11771,Zg46ga,Saxy | enjoyjune,whip creammm
r11773,Zg47fs,อสูรนาคี​ | lover,Love Love
r11785,Zg4g97,วินวุ่นวายคุณนายเฟียส! (The CEO's Bumbling Biker),คุณโบ้
r11820,Zg4xno,ใจชั้นมีแต่เทอ / Enjoyjune,อือมม
r11852,Zg5gmw,แม่ทูลหัวของรัณย์ | enjoyjune,นายภานุวัฒน์
r11872,Zg5n5p,แอบรัก | EnjoyJune,KhunP
r11878,Zg5p07,2537 ตามรักคืนใจ | enjoyjune,199x.yuth
r11934,Zg6khu,You Will Be Mine | enjoyjune,นายภานุวัฒน์
r11935,Zg6m71,SPY สายลับ [เอนจอยจูน] [มี E-book],ปราณรวีร์
r11940,Zg6o2x,พี่ปันอย่าใจร้าย | juneenjoy,skyofsky
r11974,Zg7f69,เพียงเพลง | enjoyjune,whip creammm
r11985,Zg7kev,เมื่อหัวใจหวนคืน | เอนจอยจูน,Celestique
r12002,Zg7sms,ม๋าเด็กมันซื่อนะ,just.a.story
r12011,Zg7wec,ของตาย....(แทนคุณ),เงาแห่งความผูกพัน⏳
r12032,Zg89at,หยาดพิกุล [เอนจอยจูน],คุณกระทง
r12080,Zg93yu,"Cut, but Not Over (จูนเอนจอย)",ผ้าห่มเป็ด
r12167,Zga5j6,ถ้าเธอ! | OS,winegyu-ไวน์กิว
r12173,Zgac4j,หมาน้อยในวันที่ฝนตก | EnjoyJune,แมวส้มลายเสือจุดจุด
r12255,Zgbbik,พี่สาวเพื่อนในโรบอคเป็นแฟน(ในอนาคต)เราหรอ|เอนจอยจูน หลิงออม,HinabeHongfei
r12295,Zgbtks,อธิณัณ | EnjoyJune,ตุลาที่รัก
r12320,Zgc5dw,ขนมของบี๋ | Enjoyjune,วันสุก
r12356,Zgcfqx,สัญญารักร้าย...ยัยตัวแสบ,คุณโบ้
r12393,Zgd0ay,ชาลิตา|EnjoyJune,Feeling Good K
r12394,Zgd0x6,Help love ช่วยให้รัก|เอนจอยจูน,dream land✨
r12428,Zgdiad,พลอยXพลอย(ฉบับอีสาน),แมวชอบปลุก
r12430,Zgdj26,ณภัทรศนันท์  เอนจอยจูน,หมาจ๋อง🐶
r12452,Zgds9i,ภทวย - JUNEENJOY,ลูกหมามึนตึ้บ
r12554,Zgf9uq,ต้องโทษดวง | enjoyjune - 1,วันที่ซาวหก
r12563,Zgfcx9,ย้อนเวลาไปพบรักกับนางร้ายในนิยาย | เอนจอยจูน,อินพิเรียล
r12634,Zgg57t,พลอยดาว-พราวรุ้ง|EnjoyJune,Feeling Good K
r12707,Zggy3k,หรงหลิน(enjoyjune),Iced.cappucino
r12713,Zgh0o6,หมดแรงรัก| EnjoyJune,Feeling Good K
r12724,Zgh75j,คิมหันต์อย่าโง่ | enjoyjune,littleqaw
r12738,Zghcuj,รู้สึกแย่|EnjoyJune,Feeling Good K
r12763,Zghrqc,Forever is a lie| ENJOYUNE,OLARA
r12785,Zgi0xr,หันมาเมื่อไหร่ก็เจอ,sunmoonday
r12788,Zgi1fr,กลรักลวงใจ|enjoyjune,Erngaoey
r12816,Zgii2t,Craving You |enjoyjune jaygin tknur,นายภานุวัฒน์
r12848,Zgj2ud,ผู้ช่วย(ไม่)ลับของพี่ดารา,น้องลองกอง
r12849,Zgj2uh,Flirting 101 ; EnjoyJune,hirun
r12864,Zgjbl9,คุณหนูคะ | EnjoyJune,ไอ่แมวหน้าหนวด
r12915,Zgk4nf,Letter of Recall,LEG GODT
r12975,Zgkxfd,blues.,tomato
r13000,Zgl705,หมวยของจิณ |ENJOYJUNE,มีABCแต่ไม่มีD
r13006,Zglboa,อชิรวินท์ | ENJOYJUNE,OLARA
r13059,Zglvvg,น้องจะไม่ใจอ่อนแล้ว!|เอนจอย×จูน,ซาลาเปาอร่อยๆ
r13060,Zglwoq,เหนือใต้|EnjoyJune,Feeling Good K
r13093,Zgmb1v,ดวงดาวใต้เงาเดือน - EnjoyJune,Lufia_ลูเฟีย
r13098,Zgmcej,YouR | EnjoyJune,KhunP
r13153,Zgmtkq,ติ๋มนั่นชื่อป้าฉัน | JuneEnjoy,อ่ยนิ้วเบียด
r13154,Zgmtri,ใจภักดิ์ | ENJOYJUNE,Room 104
r13160,Zgmv9u,พี่ชาวีคะ! อย่าใจร้ายกับหนูเลย [เอนจอยจูน],ปราณรวีร์
r13186,Zgn4bn,ยินดีที่ได้รัก|EnjoyJune,Feeling Good K
r13256,Zgo2im,อ้อนรักประธานเย็นชา,โปเชโกะของพสคส
r13288,Zgog4p,100 Day Love Curse คำสาปรัก 100 วัน - EnjoyJune,Lufia_ลูเฟีย
r13323,Zgornk,welcome and goodbye | EnjoyJune,ตุลาที่รัก
r13336,Zgow6s,เลขาของคุณมิ้น|ENJOYJUNE,Feeling Good K
r13385,Zgpdno,MIND |ENJOYJUNE,Feeling Good K
r13469,Zgq5us,ใครเพื่อนแก |เอนจอยจูน,หมาเด็กของพี่จูน
r13479,Zgq9ov,ผลลัพธ์เดิมๆ #เอนจอยจูน,i so missing_012
r13621,Zgrumv,ด้วยรักจากทนายความ,เงาแห่งความผูกพัน⏳
r13622,Zgruqn,ไม่ธัญญ์จะฟังเพลง | ENJOYJUNE,W_006
r13659,Zgsaix,SexyBack(แซ่บ)|เอนจอยจูน,หมาเด็กของพี่จูน
r13671,Zgsei6,เมย์สมุขา,อยู่ในใจเธอ
r13679,Zgsfqc,old book that hasn't reached its end,babibibim
r13740,Zgt0d9,พันธะสัญญา|ENJOYJUNE,Feeling Good K
r13823,Zgtyl6,แฟนเก่า - enjoyjune,spare time
r13882,Zgumpi,ตัวปัญหา | EnjoyJune,หมาเด็กของพี่จูน
r13883,Zgumrb,Heather | Enjoyjune,homwarin
r13911,Zgux3d,เขม&ขวัญ,🌙กฎของพระจันทร์🌙
r13915,Zguy7b,ตัวแทน | ENJOYJUNE,Room 104
r13967,Zgvs1q,ท้องฟ้าในแก้วกาแฟ,เงาแห่งความผูกพัน⏳
r13969,Zgvs3h,VDO call | EnjoyJune,I'mPJ
r13972,Zgvu2a,Kiralin - เอนจอยจูน,ม.มิ้นท์ วราติน
r13975,Zgvvnm,ไม่เดียงสา – enjoyjune,คุณว่าผมคือใคร
r14020,Zgwf53,Bouquet | Enjoyjune,fleur❀
r14050,Zgwnf6,NO WAY ? | ENJOYJUNE,OLARA
r14127,Zgxkrg,"เพื่อนสนิท(Love And Revenge)|ENJOYJUNE,ENGFACHALOT",Feeling Good K
r14151,Zgxrtf,แค่ในนาม|enjoyjune,ช่บจ๋องง
r14250,Zgysv9,เด็กโฮสต์|ENJOYJUNE,Feeling Good K
r14343,Zh0n6a,LOSER,mno510
r14368,Zh0w9j,รักที่เธอหลอก…..แลกหัวใจที่ฉันมี |เอนจอยจูน,อินพิเรียล
r14371,Zh0wyp,อย่าบังร้านเจ๊ไอ้ตี๋ - JUNEENJOY,ลูกหมามึนตึ้บ
r14382,Zh11p3,จันทร์เอ๋ย จันทร์เจ้า ขอฆ่าขอแกง | Juneenjoy,Bebmeowmeow
r14418,Zh1ihs,ยอมเป็นชู้,🌙กฎของพระจันทร์🌙
r14453,Zh1wby,ดาราสาวร้ายมาก|เอนจอยจูน,เป็ดย่าง
r14518,Zh2mxo,Recently Deleted | ENJOY & JUNE,บฉ
r14526,Zh2qoe,รักยังอยู่,sunmoonday
r14636,Zh3w4g,PLAYLIST-ถึงเธอ | ENJOYJUNE,OLARA
r14663,Zh4801,หนูจะจีบเจ๊ ! | EnjoyJune,มีABCแต่ไม่มีD
r14698,Zh4jdt,มะนาวมันเปรี้ยวนะคินทร์ | enjoyjune,คุณโบ้
r14736,Zh53yp,Basic love | EnjoyJune,ตุลาที่รัก
r14752,Zh59a3,A bond between us | Enjoyjune,fleur❀
r14757,Zh5auf,The Maze | EnjoyJune,blackcherri
r14761,Zh5djt,Last love  #Enjoyjune,blackadam
r14763,Zh5dwp,ใต้เงา Under the shadow (ENJOYJUNE),Room 104
r14948,Zh7fnj,คุณอา รับรักหนูหน่อย | EnjoyJune,จันทร์นิรา
r14976,Zh7pwi,เรื่องสั้นๆของเรา |GL,17Au.
r14990,Zh7yqy,ไสยศาสตร์มนตรา เอนจอยจูน,หมาจ๋อง🐶
r15115,Zh9b72,castle eat | Enjoyjune,วันสุก
r15124,Zh9dgx,โยเกิร์ต&พลอย,🌙กฎของพระจันทร์🌙
r15160,Zh9t6i,เนิร์ดดี |EnjoyJune,หมาเด็กของพี่จูน
r15211,Zhadr6,set zero ; enjoyjune,soda.blue
r15214,Zhaeuy,backstage | enjoyjune,W_006
r15215,Zhaeyk,หอพักสุขุมวิท | bus x Lykn x enjoyjune,waxny
r15314,Zhbdt3,Not Me!!,spare time
r15318,Zhbf3l,Exp* EnjoyJune,พีเจ
r15345,Zhbofi,รักเราก็ดีถ้ามีเธอ#enjoyJune,แมวน้ำ
r15357,Zhbu29,พี่คนสวยของเค้า |enjoyjune,metabibi
r15393,Zhc7w9,พี่ดารา|EnjoyJune,หมาเด็กของพี่จูน
r15411,Zhchsj,พีรญานิล | EnjoyJune,PJJ
r15514,Zhdh9o,home | EnjoyJune,ตุลาที่รัก
r15548,Zhdth9,คู่จิ้นคนโปรด | EnjoyJune,แมวส้มลายเสือจุดจุด
r15568,Zhe07t,อนิญญา | ENJOYJUNE,Room 104
r15584,Zhe595,เรื่องของเรา ลืมกันยัง | เอนจอยจูน,นายสะมะหลอยก๋องครับ
r15590,Zhe6g0,แฟนเก่าคนโปรด,🌙กฎของพระจันทร์🌙
r15635,Zheor3,TW | enjoyjune,08December
r15658,Zhevax,ไอหนุ่มกรีดยางลูกติด,Aunny
r15695,Zhfa0p,คุณหมอพาฝัน #ENJOYJUNE,Varayn
r15714,Zhffuf,The Expiry Date of Us,Aunny
r15741,Zhfp00,น้อมรับคำทำนาย | EnjoyJune,หมาเด็กของพี่จูน
r15802,Zhgcfm,Foryou | enjoyjune,ขนาดนั้นเลยดิ
r15804,Zhgd8y,เจ๊จอย | enjoyjune,จุ่มหมูเด้ง
r15806,Zhgdxm,พจอจร. | Enjoyjune,lomaxa
r15826,Zhgld6,khi winn - enjoyjune,paphawrin_.2555
r15855,Zhgtxn,Anemone After Midnight | moprae,ivy
r15882,Zhh4kx,กลิ่นแก้วของริน | EnjoyJune,sunrise and seas
r15898,Zhhb1l,ไร่ธารารัก | เอนจอยจูน,fleur❀
r15943,Zhhpft,รักอ่านรักเธอ | Enjoyjune,ขนาดนั้นเลยดิ
r15976,Zhi2kn,Shades of Audrey | ENJOYJUNE,Varayn
r16049,Zhirnd,พี่ว่าเรื่องของเรามันเป็นไปไม่ได้ / เอนจอยจูน,คนกระจอก🙉
r16074,Zhiwkt,between trip,sorrytodaysayhitonight
r16082,Zhiyit,รักอุ่นไหม,คนแรก
r16121,Zhjbje,ถ้ารู้อย่างนี้,spare time
r16126,Zhjd4v,คนนั้นคือเธอ,BymeStory
r16148,Zhjib2,ตั้งสติค่ะคุณเรน |EnjoyJune,หมาเด็กของพี่จูน
r16161,Zhjl5c,พ่อบอก | EnjoyJune,หมาเด็กของพี่จูน
r16196,Zhjwaa,Pieces of Proud — enjoyjune,Raindropfall.p
r16234,Zhk5h0,ไอจ๋องของพี่ | enjoyjune,ทรงเอเขียนฟิค
r16262,Zhkg14,super (gf) ; enjoyjune,soda.blue
r16263,Zhkg3i,Khonsuay|EnjoyJune,∘˚𖦹 𝐅𝐀𝐑𝐀𝐅𝐀𝐘 𐙚
r16289,Zhkrhn,ที่รัก — enjoyjune,nousername
r16326,Zhl4oh,สรุปเอาไง |EnjoyJune,หมาเด็กของพี่จูน
r16362,Zhlih9,ปิดคดีหัวใจ,sorrytodaysayhitonight
r16381,Zhlouv,จำเป็นต้องแต่ง / เอนจอยจูน,คนกระจอก🙉
r16442,Zhm36j,ธีร์ธารา|ENJOYJUNE,Feeling Good K
r16500,Zhmog5,A Place You Can Grow| enjoyjune,NaraDream.
r16507,Zhmqnj,รอยร้าวใต้เงาฟ้า | Enjoyjune,ซอฟวอมมมม
r16559,Zhnb91,ที่รัก(รัก)เอย #Enjoyjune,blackadam
r16563,Zhnfe4,ไนท์จ่ายไม่อั้น | ENJOYJUNE,OLARA
r16588,Zhnreg,บอดี้การ์ด | เอนจอยจูน,คนกระจอก🙉
r16613,Zhny8p,รักร้ายของยัยคู่แข่ง|เอนจอยจูน,Moonly🌙
r16616,Zho0ew,เด็กฝึกงาน | เอนจอยจูน,คนกระจอก🙉
r16659,Zhobw0,แม่เลี้ยงที่รัก#เอนจอยจูน,ยิ้มแล้ว
r16676,Zhogim,ที่รักคะ อุ๊ยอาจารย์ค่ะ | JUNEENJOY,หมาเด็กของพี่จูน
r16758,Zhp9du,เมียหลวง [เอนจอยจูน],ปราณรวีร์
r16778,Zhpeud,ฟ้าลดา |Enjunejoy,Bebmeowmeow
r16830,Zhq1mv,พักพิงอิงดาว — EnjoyJune,sunrise and seas
r16836,Zhq38o,แกล้งจีบ | เอนจอยจูน,คนกระจอก🙉
r16895,Zhqn90,Do not enter|EnjoyJune (sf),พจมด
r16896,Zhqn9f,เพื่อน(ไม่)แท้/เอนจอยจูน,ยิ้มแล้ว
r16916,Zhqscl,ความจริงไม่ใช่ฝัน | JUNEENJOY,เหนียวไก่ย่าง!
r16950,Zhr56h,รักที่ต้องเลือก A love that requires a choice | ENJOYJUNE,Room 104
r16990,Zhrl26,คู่หมั้น,🌙กฎของพระจันทร์🌙
r17185,Zhtifj,เด็กซ้อ | enjoyjune,นายภานุวัฒน์
r17271,Zhua5c,ดีใจที่มาพบเธอ,เอนจอยจูน
r17281,Zhueyo,ไม่อยากแต่ง | Enjoyjune,คนกระจอก🙉
r17283,Zhugj9,Quiet Chaos -เอนจอยจูน,eleganan
r17291,Zhuknp,รัก(หรอ) | enjoyjune,Navpht
r17328,Zhuvue,ไม่รั้งหรอกคนดี | EnjoyJune,หมาเด็กของพี่จูน
r17330,Zhuvuj,again,eap
r17365,Zhv4dc,เพื่อนสนิทคนโปรด| เอนจอยจูน,Moonly🌙
r17376,Zhvarm,แสงสุดท้ายของพันไมล์ #Enjoyjune,blackadam
r17419,Zhvndw,นิโคติน | enjoyjune,Navpht
r17439,Zhvtli,รอยตบสยบรัก | เพลงพิณ×เจ้าขา,เมฆสีทอง
r17464,Zhw5s9,ดนออสรว. | enjoyjune - 2,วันที่ซาวหก
r17483,Zhwc8p,ใต้เงาซ่อนกลิ่น | เอนจอยจูน,พี่สาวกะหมาเด็ก
r17526,Zhwupo,ปูนปั้นของคนโปรด #เอนจอยจูน,Whaleshark🦈
r17602,Zhxi6a,ปรนัย #Enjoyjune,blackadam
r17764,Zi0575,นางร้ายจำเป็น / ศิอัญ,เมฆสีทอง
r17871,Zi13s4,ปุณณ์|ENJOYJUNE,Feeling Good K
r17874,Zi14oq,Triplet,Kcx
r17890,Zi19us,อธิการบดีที่รัก #ENJOYJUNE,blackadam
r17943,Zi1us9,ซึนนัก รักซะเลย|ENJOYJUNE,Feeling Good K
r17976,Zi26jm,Would you love me?| Enjoyjune,NaraDream.
r18055,Zi2y03,คน (ไม่) โปรด | ENJOYJUNE,Room 104
r18122,Zi3id6,เพียงพอใจ | EnjoyJune,辰
r18137,Zi3m86,ห้ามรักภรรยา(จำเป็น),joju
r18154,Zi3r2i,ฉันไม่ได้รักเธอ | เอนจอยจูน,น้ำจิ้มซีฟู้ด🦂
r18235,Zi4lur,never planned that one day | ENJOYJUNE,mookhemm
r18272,Zi526r,เมื่อใจบอกว่าเธอใช่ | JUNEENJOY,เหนียวไก่ย่าง!
r18308,Zi5enb,ปิ๊งรักคุณAI|juneenjoy,เมฆสีทอง
r18323,Zi5j8t,เป้อมันเป็นทาสแมว | ENJOYJUNE (sf),Varayn
r18335,Zi5p4e,นับสิบไม่ถึงเก(ล้)า ; EnjoyJune,xxbxxn
r18341,Zi5qhq,ถ้าฉันเป็นเขา,nad-la-dern
r18364,Zi5xof,มรสุมใจ|ENJOYJUNE,Feeling Good K
r18381,Zi62qt,please Love |EnjoyJune,khunChicha •
r18399,Zi694e,เผลอใจรัก...ยัยแฟนเก่า#เอนจอยจูน,Lady Whan
r18401,Zi69os,Rain |EnjoyJune,๒
r18423,Zi6hgk,เรนิลรันยา|MM,เด้น
r18433,Zi6m64,After The Rain |ENJOYJUNE,NaraDream.
r18459,Zi6v3u,Second Chance — enjoyjune,Raindropfall.p
r18518,Zi7guq,Lucky number | Enjoyjune,blackadam
r18551,Zi7tug,Crush|enjoyjune,∘˚𖦹 𝐅𝐀𝐑𝐀𝐅𝐀𝐘 𐙚
r18566,Zi7yfl,หนูไม่ได้ชอบพี่แล้ว | Enjoyjune,น้ำจิ้มซีฟู้ด🦂
r18672,Zi8wn5,วันนี้กี่ดื่มดีคะ? | Enjoyjune,ลูกหมามึนตึ้บ
r18966,Zibhq6,Heaven's Driver บริการนี้ฟรีส่งคุณผีถึงสถานีปลายทาง | EnjuneJoy,Bebmeowmeow
r19030,Zibyax,Rainy Blue : Resign | Enjoyjune,MiLooo
r19172,Zid8lx,Her.,spare time
r19247,Zidw5f,ซ่อนรักใต้รอยยิ้ม EnjoyJune,เจ้าเด็กที่รักเธอ
r19272,Zie1au,มาเฟียกับคุณหนูชอบวีน,Don Veen
r19305,Zieb3n,ความรักของเรา,เงาแห่งความผูกพัน⏳
r19334,Ziegxh,Match Me | enjoyjune,๖๖๖
r19392,Zif1d0,เจ๊…หนูไม่ได้ติดหนี้! (จูนเอนจอย),ChapterGone
r19475,Zifma2,ขอเป็นเซฟโซนในวันที่เธอแหลกสลาย EnjoyJune,เจ้าเด็กที่รักเธอ
r19735,Zihrmp,ยินดี (Pleased) | ENJOYJUNE,Room 104
r19767,Zii03k,good luck. / Enjoyjune,spare time
r19815,Ziiaje,อาจจะเป็นพรมลิขิตทำให้เราวนกลับมารักกัน,มุ๊จุฟู
r19840,Ziijnm,ระหว่างหัวใจ,เงาแห่งความผูกพัน⏳
r19846,Ziiksm,Game Over | ENJOYJUNE,NaraDream.
r19934,Zij8tb,คนสวยของดิน | เอนจอยจูน,คนกระจอก🙉
r19955,Zijcne,วิวาร์ลับรัก EnjoyJune,เจ้าเด็กที่รักเธอ
r20227,Zil9lr,The Villainess’s lover| Enjoyjune [SF],Varayn
r20253,Zilffx,White Flag | JuneEnjoy,deklaw
r20290,Zilnjy,Paphavee / Enjoyjune,spare time
r20378,Zim4ad,อยู่ดูการเติบโตในที่ห่างไกล | เอนจอยจูน,นายสะมะหลอยก๋องครับ
r20395,Zim8ma,Pinglove | Enjoyjune,blackadam
r20438,Zimn8m,Room 1808,lomaxa
r20524,Zin4da,ต้อนรักยัยตัวร้าย EnjoyJune,เจ้าเด็กที่รักเธอ
r20721,Ziokad,คุณCEOขาฟังพี่ก่อน|ธิณัณฑ์|Enjoyjune,เมฆสีทอง
r20722,Ziokck,ฟานณิริน(enjoyjune),Iced.cappucino
r20822,Zipbom,Ordinary Us | enjoyjune,metabibi
r20859,Zipjkq,บทลงโทษสื่อรัก EnjoyJune,เจ้าเด็กที่รักเธอ
r20929,Ziq5y5,ฉันไม่ชอบเด็ก | เอนจอยจูน,คนกระจอก🙉
r21042,Zir49v,รวี,🌙กฎของพระจันทร์🌙
r21157,Ziryfn,BLACK FRAME | enjoyjune,ขิมมาลา
r21171,Zis1qs,เหยื่อแค้นในกรงทอง EnjoyJune,เจ้าเด็กที่รักเธอ
r21217,Ziscys,Surrender | enjoyjune,ขิมมาลา
r21268,Zisphh,ความรักของเรา,love enjoy
r21294,Zisvx7,Loop,spare time
r21405,Zitm0r,สุ่มแชทโลก – enjoyjune,ßaenñg.thiän
r21554,Ziv1k0,​Internal Design: ตกแต่งหัวใจ ยัยรุ่นพี่,Julÿsaturday
r21577,Ziv6yr,รอยน้ำตาใต้เงาพิกุล EnjoyJune,เจ้าเด็กที่รักเธอ
r21645,Zivpt8,กฎเหล็กของรูมเมท  EnjoyJune,เจ้าเด็กที่รักเธอ
r21764,Ziwuae,คนสวยของตง |enjoyjune,JQ
r21881,Ziy0yc,คู่กัด,นภาซ่อนดาว
