detail_key,article_id,title,author
r156,Z2ddrn,ไม่สนิท(ใจ) l FayMay,Machilo
r3188,Zaku76,I & U ก็แค่แฟนเก่ากัน #FAYMAY,msnmay
r3599,Zawmg1,แด่เธอผู้เป็นที่รักในห้วงความฝัน,Patra
r3798,Zb3o91,ชอบพี่ (FayMay),25.
r3897,Zb6pjb,ถ้าคุณเขียนนิยายเกี่ยวกับคนที่ไม่เคยสมหวังเรื่องความรักเลยสักครั้งประโยคแรกคุณจะเขียนว่าอะไร,ɪ ꜱᴏᴀʀ ᴜ.
r3907,Zb6vsm,Friend Zone (ระวัง..สิ้นสุดทางเพื่อน),pata
r4072,Zbb2ef,เหนื่อย | faymay,ᴊᴀʀɪɴ
r4120,Zbcxgc,เมื่อม๋าเด็กมีความรัก,ErythroRain
r4125,Zbd3xp,Keep Quiet รักนี้..(อย่า)ส่งเสียง |  FAYMAY,pu!w
r4260,Zbhwod,Flirt | FayMay,Machilo
r4283,Zbigi1,ลิขวิดพบรัก|ฟรังค์สองเจ็ด/เฟเมย์,GFN
r4291,Zbim4c,เรื่องสั้นๆของเฟเมษ์,msnmay
r4363,Zbkber,ดาวเหนือเดือนหนาว | FayMay,axnnn
r4500,Zboc50,ไออุ่นอิงดาว | Faymay,สาธุเป็นแมว
r4507,Zboinf,ของเธอ | Faymay,ᴊᴀʀɪɴ
r4752,Zbvffp,พ่ายรักโอบหนาว(เฟเมย์),Bunny
r4993,Zc2mhb,รักฉันที|faymay,นีโม้บินนนน!!
r5129,Zc6mio,พี่สาวครับ,ดาราณิกร
r5386,Zce2sn,ชอบนะคะไอเนิร์ด | faymay,msnmay
r5626,Zcke1n,รักแรก|เฟเมย์,เฟเมย์
r5690,Zcm14i,คำสั่งของหัวใจ,แมวน้อยผู้น่ารัก
r5939,Zcshtg,เรา We are you (1Shot),แมวน้อยผู้น่ารัก
r5999,Zctyku,I will take his place. [faymay],P.v.fay.may
r6051,Zcve6e,หมาเด่กของเทอคนเดียว,little monkey
r6219,Zd0c74,รักแรกและรักครั้งสุดท้าย🥺🖤/faymay🩷,pawinee_13y
r6485,Zd7te3,Serendipity - FayMay,zro.ove
r6627,Zdb70q,ไอ้เสือ:D|faymay,paarrnnn
r6737,Zddtln,รักนะคับ|เฟเมย์,gamm Zx
r7025,Zdk7y3,เสมอมา|faymay,girlfreen
r7203,Zdnyr6,เราแอบชอบเธอนะ|เฟย์เมษ์,เฟย์เมษ์
r7227,Zdoprr,ตอนนี้เรายืนอยู่ตรงไหน,P'Chess
r7485,Zduyju,สายลับนักสืบ|Faymay,Tomaatoo
r7508,Zdvb45,friend | faymay,hunso
r7731,Ze0r3s,รู้ตัวมั้ย มีคนแอบชอบนะ|เฟย์เมษ์,fay may
r8050,Ze852h,หลงครับ|FayMay,ต้อแต้
r8107,Ze925q,เมื่อโลกนี้มีเธอ | FayMay,Lingly_FayMay
r8553,Zehay6,BFF ( BEST FRIEND 4EVER ) | FayMay,praewa _547🤍💜
r8579,Zehrdn,รักครั้งแรกในวัยเรียนมัธยม(FAYMAY),praewa _547🤍💜
r8978,Zeougr,ติดอยู่ในช่วงเวลา|faymay,phhhimczz
r9778,Zf3dsy,เพื่อนสนิทคิดไม่ซื่อ|เฟเมษ์,Tomaatoo
r10011,Zf7yh5,forever |เฟเมย์,ไข่นุ้ย
r10021,Zf8395,I’m ok // Not ok,ดาราณิกร
r10096,Zf9hma,ถ้าเทอตกลงเป็นแฟนกับพี่ |faymay,phhhimczz
r10299,Zfd4u3,back to love,ดาราณิกร
r10408,Zfeud5,กาลเวลา | faymay,W_9
r10514,Zfgk3i,วาสนาอ้าย | faymay,paarrnnn
r10916,Zfn5re,ยอมตxย...ขอแค่ได้รักเธอ,หมกไก่
r11287,Zftosy,มักเจ้าหลายจนพ่อว่าเป็นบ้า|faymay,Mr Tom
r11393,Zfvdmm,รักนี้มีเจ็ทสกีเป็นพยาน| faymay,paarrnnn
r11420,Zfw00f,“เส้นแดงแม่งเล่นกูแล้ว” | เฟเมษ์,โฟ4ฟรีสตาร์
r11501,Zfx9y8,พ่อของหนูคือป้าเอง,ดาราณิกร
r11609,Zg08ni,ต้าวอ้วนน>^<|FayMay,คนชอบคู่นี้
r11753,Zg2ftx,CEO สาวกับเด็กวิศวะ|FAYMAY,night
r11833,Zg3qkx,เจนจิรา : FayMay,P_pin.
r11887,Zg4hfb,Line —— FayMay,OnTheWaytoK.
r11893,Zg4kdv,ประธานนักเรียน|Faymay,chocolate
r11900,Zg4o21,สูตรรักสูตรร้าย // ที่พักใจ (Restitute) FayMay,ดาราณิกร
r11974,Zg5ove,ติณณ์เคยเอาอะไรบ้าง|faymay,krannrn
r12105,Zg7ud2,Luv@1|FayMay,ชิน(จัง)
r12130,Zg88ys,น้ำเต้าหู้ร้านเปอร์เอง |faymay,krannrn
r12181,Zg93kp,In love with a vet | Faymay,bittersweet™
r12194,Zg98my,Bad habits | FAYMAY,P1000 '
r12216,Zg9hyu,ฟ้าฝันเหนือภูผา|faymay,paarrnnn
r12253,Zg9xf1,เมียไอหมวย ; faymay,P_pin.
r12277,Zgaaho,ทรยศ|เฟเมษ์,lover faymay
r12313,Zgasih,บอดี้การ์ดสุดหล่อ(เฟเมย์),ปากกาพิเศษ
r12340,Zgb6s4,พี่เลี้ยงจำเป็น|Faymay,krannrn
r12410,Zgbvcw,Sapphic | faymay,ผมชื่อไพโรจน์ฮะห์
r12417,Zgc0e9,นักสืบตามหาความรัก | FayMay,Kanyaphat_():/:
r12440,Zgc9ep,หลงรักประธานนักเรียน|FayMay,Zen
r12464,Zgcfe7,พบรัก |FayMay,ชิน(จัง)
r12468,Zgcilf,พูดไม่ค่อยเก่ง |faymay,เป็ดโง่
r12492,Zgcup2,ขอโทษ | FayMay,lalala
r12559,Zgds4u,เลขาที่รัก||Faymay,Zen
r12664,Zgf9ro,ลูกมาเฟีย|FAYMAY,Zen
r12690,Zgfj7m,ฤกษ์สังหาร | FayMay,P_pin.
r12755,Zgg9l4,เป็นเพื่อนก็เลื่อนเป็นแฟนได้ปะวะ |faymay,phhhimczz
r12812,Zggwnf,โตกว่านี้ - FayMay,ชิปเปอร์ตัวจิ๋ว
r12825,Zgh3fu,กลัวว่าฉันจะไม่เสียใจ - FayMay,ชิปเปอร์ตัวจิ๋ว
r12838,Zgh7fn,รักนะหมาโง่|FayMay,น้อวภัทส
r12850,Zghdt1,สูตรเสน่หา|Faymay,krannrn
r12911,Zgi9gr,รักข้างเดียว||Faymay,Zen
r12941,Zgirpx,ไอติ๋มหน้าหล่อ!!,โอลาฟ เองงมุฮ่าๆๆๆ
r12980,Zgjfkk,พิชิตใจนายเย็นชา,พันช์จ้าาา
r12986,Zgji4s,แม่เลี้ยงเสียงเสียว|เฟเมย์,MOONFLOWER 🌙🌼
r13002,Zgjthg,The Paris Library|Faymay,krannrn
r13054,Zgki9c,พี่ปีสองรักน้องปีหนึ่ง|FayMay,อุอิอา .
r13073,Zgkrvf,Last twilight | Faymay,nantkan
r13092,Zgl077,แฟนเก่าที่รัก|เฟเมษ์,FM_FayMay
r13132,Zglhyt,คนต่อไปคือเธอ|Faymay,Hana
r13147,Zglm37,บอดี้การ์ดกับคุณหนู | เฟเมษ์,FM_FayMay
r13171,Zglvmn,คุณหนูขา|Faymay,Hana
r13218,Zgmflt,Intello|Faymay,krannrn
r13238,Zgmmkk,แม่ครูช่วยด้วย|FayMay,ชิน(จัง)
r13318,Zgnh5s,mom&friend | FayMay,ชิน(จัง)
r13337,Zgnr1n,รักเสมอ |เฟเมษ์,JANN★ZERO
r13411,Zgolcr,ทำไมพี่ถึงมายุ่งกับเรา | FayMay,คีเรน
r13458,Zgp01q,ห๊ะเราชอบกันหรอ < Faymay >,ABC。
r13573,Zgq4k1,you everything — faymay,phhhimczz
r13754,Zgs3rq,รักครั้งใหม่,Fon_19.11
r13890,Zgtg6p,แอบชอบเธอ|Faymay,เพี้ยนเองคับพี่ๆ
r14054,Zgvbw6,วิศวะ|เฟเมย์,เอยดิ์ว่ะ
r14317,Zgy5td,ที่รักของพี่|faymay freenbecky,ฟอมอฟอบอ
r14403,Zgyyep,Two sides of love | faymay - freenbecky,Reix
r14456,Zh0g87,Game Over— faymay,paarrnnn
r14463,Zh0ix2,ชื่อน่ากินจัง |faymay,phhhimczz
r14466,Zh0kex,ความรักที่ดี|faymay,W_v.2
r14495,Zh0tl5,เพื่อนรัก|faymay,...
r14524,Zh15tc,รัก​แรก​พบ​/FAYMAY​,FAY​×>~~
r14567,Zh1ofl,(ไม่)ชอบเธอ,อัายเปอร์ซอยยิกๆ
r14617,Zh2alf,น่ารักจังว่ะ.   /FayMay,Hom.   love. Fay May
r14635,Zh2ghq,Please don’t you go |FayMay,Maaabaa
r14681,Zh2vxh,เพื่อน(ไม่เล่น)เพื่อน|FAYMAY,มะนาวคุง
r14884,Zh588p,ไร่องุ่นที่รัก-เฟเมษ์,rinnn._nn
r14962,Zh627t,FAYMAY l ด้วยรักและปวดหลัง (With Love and Back Pain),Machilo
r15014,Zh6n9f,ยอมได้ทุกอย่าง | faymay,phhhimczz
r15143,Zh84q1,ยังอยากมีกันอยู่มั้ย|Faymay,chocolate
r15209,Zh8ub6,friend หรอ — faymay,khunraakk
r15368,Zhajgk,รันฟ้า - faymay,ขามู๋ววววววว
r15389,Zhaqak,เต๋อย่าแกล้งเค้า |FayMay,Maaabaa
r15413,Zhaylo,อยากรู้จัก | faymay,ทรงเอเขียนฟิค
r15471,Zhbi15,ball club (ชมรมรัก)|เพลงปั้น,doii divaa
r15585,Zhcnfj,แค่เราสองคน | faymay,คุณ แมว หยิ่ง
r15615,Zhcxa8,หายไปจากฉันแล้ววนกลับมา | เฟเมษ์,FM_FayMay
r15790,Zhend0,คุณชายขี้หื่น,โต๋ยชอบกินโก๋ยโต๋ย
r15822,Zhewr1,เนื้อคู่|Faymay,i Love “Gmm”
r15884,Zhfi7q,เรื่องราวที่ผ่านมา|Faymay,rinnn._nn
r15908,Zhfr5e,ประธานนักเรียนชอบนักเลง,โต๋ยชอบกินโก๋ยโต๋ย
r15913,Zhftk2,คนเพี้ยน//FayMay,MaKhim(มะขิมอื่นๆ)
r15955,Zhgape,ครูค่ะโปรดรักหนูได้มั้ย,โต๋ยชอบกินโก๋ยโต๋ย
r15985,Zhgkgy,Just you||Faymay,ttha
r16148,Zhi4sg,พี่น้องจริงป่ะ,โต๋ยชอบกินโก๋ยโต๋ย
r16184,Zhigtm,หัวใจมัธยม|เฟเมย์,ทีติรัต
r16286,Zhjbpy,ไอ้เป่าเป้ย//FayMay,AD54
r16371,Zhjy7v,ห้อง707,โต๋ยชอบกินโก๋ยโต๋ย
r16455,Zhkqem,Atrium | FayMay,Ca แคลเซียม
r16482,Zhkxjt,แค่คนรู้จัก?//เฟเมษ์,เกิดสิ้นปี
r16561,Zhls3j,ซีนจะจีบจนกว่าจะติด| FAYMAY,phhhimczz
r16715,Zhn7i1,คุณหนูอย่าเอาแต่ใจสิคะ |FayMay,Kanyaphat_():/:
r16723,Zhnbl3,Sunflower | FayMay,bittersweet™
r16759,Zhnt3p,ไอ้เด็กติกเกม | FayMay,Kanyaphat_():/:
r16762,Zhntws,รักวิศวะโยธา |FayMay,Kanyaphat_():/:
r17566,Zhvc20,ศรีกานต์ม่านอัคคี#faymay,dead
r17744,Zhx3eu,เทอรักเค้ามั้ยย/Faymay/,太陽☀️
r17767,Zhxalr,กำนันจอม,โต๋ยชอบกินโก๋ยโต๋ย
r18215,Zi2j5h,หนังสือเล่มสุดท้ายที่เขียนถึงชลดา | FAYMAY,lisa.lalisa
r18383,Zi42kw,จะเอาอะไรกับความรักวัยรุ่น//เฟเมย์,kanwara_.012
r18402,Zi49ab,Mommy|FAYMAY,chocolate
r18692,Zi76gj,รักหนูได้ยังค่ะพี่คนซึน,โต๋ยชอบกินโก๋ยโต๋ย
r18727,Zi7h4s,Legally Blonde | FayMay,Vesper Quinn
r19108,Zianwc,เซนต์คาเธอรีน | FayMay FreenBecky MilkLove Emibonnie NamtanFilm,Reix
r19176,Zibb8l,วิวาห์ไร้รัก - Faymay -,sonicblue.
r19340,Zicqc6,Deleted Message | faymay,reinqx._
r19474,Zidu51,พี่เลี้ยง|FAYMAY,chocolate
r19778,Zig60j,ไอหมาเด็ก//FAYMAY​,fayเฟ
r20872,Zinrpo,"แค่""เคย""รัก|FayMay",น้ำแข็งเย็นๆ
