detail_key,link,title,author
r3644,https://www.readawrite.com/a/Zay7pr,Glamorous ',jaonarak
r3682,https://www.readawrite.com/a/Zb0cod,[ ความรักแก้วโปรด ],PINKTIME.
r5777,https://www.readawrite.com/a/Zcoe0b,Christmas2022 - JuneMewnich,hi
r6133,https://www.readawrite.com/a/Zcxhg9,ท้องฟ้าของดาวเหนือ,คุณลูกพีชสีชมพู
r6139,https://www.readawrite.com/a/Zcxlng,นักแสดง | จูนมิวนิค,สาววาย ตายแล้ว👽
r6350,https://www.readawrite.com/a/Zd3vgf,เปิดคาเฟ่ใกล้มหาลัยอยู่ดี ๆ ก็มียัยแมวหลงเข้ามาป่วน l จูนมิวนิค,แมวส้มกำลังพิมพ์
r7178,https://www.readawrite.com/a/Zdnhnd,The Gifted | New World (GMMTV),T ER TER
r7418,https://www.readawrite.com/a/Zdtetu,ธิชา|จูนมิวนิค,เอเลี่ยน
r7544,https://www.readawrite.com/a/Zdw1vl,nectar|จูนมิวนิค,เอเลี่ยน
r7791,https://www.readawrite.com/a/Ze20ji,สเตรทฤดูร้อน | junemewnich,ใฝ่ฝันต้องทำให้จริง💫
r8141,https://www.readawrite.com/a/Ze9nl5,ก้อนเมฆที่ปลายฟ้า,คุณลูกพีชสีชมพู
r8322,https://www.readawrite.com/a/Zecsxe,ม๊าขา~,คุณลูกพีชสีชมพู
r9030,https://www.readawrite.com/a/Zepkp6,เพื่อนแบบใด|junemewnich,แอคนี้ชอบจูนแต่จูนชอบมิวนิค
r9650,https://www.readawrite.com/a/Zf0x16,โรงเรียนคู่แข่ง,คุณลูกพีชสีชมพู
r9897,https://www.readawrite.com/a/Zf65v9,รักแรก|จูนมิวนิค มิ้ลค์เลิฟ นํ้าตาลฟิล์ม,ซาลาเปา
r10072,https://www.readawrite.com/a/Zf92si,จีบ|จูนมิวนิค,เอเลี่ยน
r10104,https://www.readawrite.com/a/Zf9l3i,@Lnwchoza19 | junemewnich,twentysix
r10590,https://www.readawrite.com/a/Zfhx35,in|จูนมิวนิค,เอเลี่ยน
r10641,https://www.readawrite.com/a/Zfiygx,จีนไม่ตบ|jingjingpiploy,Olivia's.
r10644,https://www.readawrite.com/a/Zfj0sf,#เจ๊ป้าแกสิjmn | จูนมิวนิค,fjmm
r10763,https://www.readawrite.com/a/Zfkvws,ที่รักของฉัน | JuneMewnich,Cat&rsquo;s love
r10792,https://www.readawrite.com/a/Zflbku,ขวัญ|จูนมิวนิค,ความโรแมนติก
r10913,https://www.readawrite.com/a/Zfn4v7,แค่เธอ &mdash; junemewnich,th_i
r11101,https://www.readawrite.com/a/Zfq6bw,"""แสงสุดท้ายของใจสองดวง""",𝓗𝓪𝓹𝓹𝔂 𝓜𝓲𝓷𝓭
r11639,https://www.readawrite.com/a/Zg0m85,น้องครามต้องรอด | junemewnich,ไดโนเสาร์กินไก่
r11801,https://www.readawrite.com/a/Zg3cer,แค่นั้น.(จูนมิวนิค),วันใหม่มุ๊ๆ
r11844,https://www.readawrite.com/a/Zg3wr9,องค์หญิงกับหมูตุ๋น,ไดโนเสาร์กินไก่
r11897,https://www.readawrite.com/a/Zg4mcr,00:01 จนกว่าจะได้รัก,ไอริสสีน้ำเงิน
r12020,https://www.readawrite.com/a/Zg6hb7,นัทนิศา|jmn,c/t.
r12078,https://www.readawrite.com/a/Zg7hrv,ลูกหนี้|junemewnich,เอเลี่ยน
r12120,https://www.readawrite.com/a/Zg82lp,คุณหนูค่ะ,ดาจิน
r12208,https://www.readawrite.com/a/Zg9gga,จากหนึ่งจนถึงเฟย - junemewnich,twentysix
r12447,https://www.readawrite.com/a/Zgcamm,แม่อย่าวีน|จูนมิวนิค,ไข่ดาวไม่สุก
r12481,https://www.readawrite.com/a/Zgcph1,Jay |จูนมิวนิค,ไข่ดาวไม่สุก
r12936,https://www.readawrite.com/a/Zgimn6,The Space Between Us,คุณลูกพีชสีชมพู
r13088,https://www.readawrite.com/a/Zgkxmf,#อิเน่แม่งแบ๊ว | Junemewnich,fangpham
r13117,https://www.readawrite.com/a/Zglbhh,รัก(ลับ)ประธาน | JuneMewnich,ไอ่หมาเฟียสเว่อร์
r13146,https://www.readawrite.com/a/Zglm2m,(ไม่)รัก|JuneMunich,อ่านได้ก็อ่าน อ่านไม่ได้ก็ไม่ต้องอ่าน
r13274,https://www.readawrite.com/a/Zgmwbx,พี่รุจิเรข|junemewnich,fangpham
r13377,https://www.readawrite.com/a/Zgo83u,Matcha Latte | JuneMewnich,คัตเต๋อ
r13686,https://www.readawrite.com/a/Zgra0d,แชทแรกที่กลายเป็นความรัก,ขี่ม้าลายไปซื้อผลไม้
r13978,https://www.readawrite.com/a/Zgueax,ppyourhandyman - junemewnich,twentysix
r13982,https://www.readawrite.com/a/Zguejl,im not gay - junemewnich,jaonarak
r14122,https://www.readawrite.com/a/Zgw7m9,คุณเอินตื่นก่อนค่ะ | junemewnich,imnotffunny
r14208,https://www.readawrite.com/a/Zgx2mi,Mhanmook | Junemewnich,Perry.
r14262,https://www.readawrite.com/a/Zgxlru,รักของฉัน|จูนมิวนิค,ไม่บอกหรอกเขิรรร~~~
r14297,https://www.readawrite.com/a/Zgxwcr,นครดารา - จูนมิวนิค,jaonarak
r14334,https://www.readawrite.com/a/Zgyg7j,หวัดดีเนิร์ด|junemewnich(ปี1ภาค4ภาคจบ)​,Jigsaw​www
r14353,https://www.readawrite.com/a/Zgylc1,พี่รัต|จูนมิวนิค,ไข่ดาวไม่สุก
r14562,https://www.readawrite.com/a/Zh1n5w,Dumbestguide | junemewnich,imnotffunny
r14585,https://www.readawrite.com/a/Zh1uwf,"{The Core ""ลมพัดหวนรัก""}",𝓗𝓪𝓹𝓹𝔂 𝓜𝓲𝓷𝓭
r14902,https://www.readawrite.com/a/Zh5fdi,หมวย|junemewnich,เอเลี่ยน
r14907,https://www.readawrite.com/a/Zh5ij3,อย่าลืมคิดถึงพี่ให้มาก ๆ | Junemewnich,ปั๊กเป๋อ
r15025,https://www.readawrite.com/a/Zh6t3h,"Imperial Blood""สายเลือดขัตติยศ""",𝓗𝓪𝓹𝓹𝔂 𝓜𝓲𝓷𝓭
r15192,https://www.readawrite.com/a/Zh8peg,new love | JuneMewnich,Candlelight Whale
r15225,https://www.readawrite.com/a/Zh8yyh,3rd สามไม่อยากแต่ง / junemewnich,jaonarak
r15295,https://www.readawrite.com/a/Zh9nym,มิวเมานมผง| Mewnichjune,เทพเต้าหู
r16046,https://www.readawrite.com/a/Zhh4m2,Luv u again &ndash; junemewnich,มังคู๊ดด
r16144,https://www.readawrite.com/a/Zhi3u7,เลือดมังกร[หงส์]:ปีกหงส์เหนือมังกร,𝓗𝓪𝓹𝓹𝔂 𝓜𝓲𝓷𝓭
r16188,https://www.readawrite.com/a/Zhihlw,ขอโทษนะคะร้านปิดแล้วค่ะ|จูนมิวนิค,แคปชั่นไม่รู้
r16269,https://www.readawrite.com/a/Zhj622,เพียงฝัน|จูนมิวนิค,ปอมปอมผู้ฆ่าแจ็ค
r16469,https://www.readawrite.com/a/Zhktm4,punZa55 &ndash; junemewnich,venus
r16735,https://www.readawrite.com/a/Zhni7l,My flower | JuneMewnich,ปั๊กเป๋อ
r17199,https://www.readawrite.com/a/Zhruxp,T-pop | JuneMewnich,Llaa_laze
r17519,https://www.readawrite.com/a/Zhuwh1,#ฝากใจแทนรัก | junemewnich,papbear
r17555,https://www.readawrite.com/a/Zhv6qf,เขตห้ามเข้า|จูนมิวนิค,ปอมปอมผู้ฆ่าแจ็ค
r17682,https://www.readawrite.com/a/Zhwfdr,เดย์ภัส|จูนมิวนิค,ปอมปอมผู้ฆ่าแจ็ค
r17727,https://www.readawrite.com/a/Zhx0ya,ชีวิตมันสัั้น อยากทำไรทำ | junemewnich,moopingInwza19
r17965,https://www.readawrite.com/a/Zi06pw,เธอ ปัน ใจ | junemewnichfond,papbear
r18800,https://www.readawrite.com/a/Zi88xv,beagle | junemewnich,papbear
r18841,https://www.readawrite.com/a/Zi8lkv,แมวดำในนรก,ใต้แสงจันทร์
r19006,https://www.readawrite.com/a/Zi9r61,เธอเห็นเราซ้อนเป็นหน้าใครหรือป่าว ?,Inlove_
r19074,https://www.readawrite.com/a/Ziabma,ออร์เวย์ ~// จมน.กปซซ.จจจ.,ว่างัยย
r19505,https://www.readawrite.com/a/Zie19u,คู่แข่งNO.1|จูนมิวนิค,กินชาไทยจนฟันเหลือง
r19553,https://www.readawrite.com/a/Ziedol,รักฉันเกิดที่ ตจว. | junemewnich,พบเพื่อเพียงผ่าน
r19614,https://www.readawrite.com/a/Ziev7g,บอดี้การ์ดหัวใจแวมไพร์|จูนมิวนิก.,ไอแก้มไข่ตุ๋น
r20116,https://www.readawrite.com/a/Ziip5j,Play girlfriend | junemewnich,樊长宁
r20256,https://www.readawrite.com/a/Zijo5w,เรา(เคย)คู่กัน |จูนมิวนิค|,ไรท์เตอร์จิ๋วแต่แจ๋ว
r20391,https://www.readawrite.com/a/Zikpsu,พี่สาวรั้วข้างๆ (home) |JuneMewnich,2&times;3=๖
r20857,https://www.readawrite.com/a/Zinpfc,กีดกันทำไม|จูนมิวนิค,สุดหล่อแต่ยืนเอ๋อในดงคณิต
r21247,https://www.readawrite.com/a/Ziqhp9,แกเคยสัญญาว่าจะมาด้วยกันใหม่ | Junemewnich,rak gl
