cp,type,date,title_zh,title_original,note,source_url,verified_on
AppleMim,broadcast,2026-01-24,四大元素之大地情缘,The Earth,泰国首播,https://www.bilibili.com/video/BV1wRrpBgEE7/,2026-08-11
AndaLookkaew,broadcast,2023-11-08,学姐可以爱我吗,Love Senior,泰国首播,https://www.bilibili.com/video/BV1494y1V7T6/,2026-08-11
AndaLookkaew,pre,2025-06-22,残留,Remain,先行预告公开,https://search.bilibili.com/all?keyword=Remain,2026-08-11
GraceOaey,broadcast,2024-11-26,我的青梅是讨厌鬼,Mate The Series,泰国首播,https://www.bilibili.com/video/BV1vL6aYWERi/,2026-08-11
OomBam,broadcast,2026-04-24,让爱圆满,Fulfill,泰国首播,https://www.bilibili.com/video/BV1VwNFzSEHy/,2026-08-11
TungpangJessie,broadcast,2026-02-13,心之密码,Heart Code,泰国首播,https://www.bilibili.com/video/BV1ErZLBXEec/,2026-08-11
FayeAtom,broadcast,2026-03-28,破碎的爱,Broken (Of) Love,泰国首播,https://www.bilibili.com/video/BV1fJXLBuEk9/,2026-08-11
NamneungNoey,broadcast,2026-07-11,四大元素之火之爱链,The Fire,泰国首播,https://www.bilibili.com/video/BV1znPkzCEx6/,2026-08-11
ViewJune,broadcast,2024-03-08,地球倾斜23.5度,23.5,泰国首播,https://www.bilibili.com/video/BV1fj421m7Fx/,2026-08-11
LenaMiu,broadcast,2025-10-24,爱的港湾,My Safe Zone,泰国首播,https://www.bilibili.com/video/BV1qVsRzbEdy/,2026-08-11
LenaMiu,pre,2026-03-10/11,可以爱吗,PLS Love,项目公布,,2026-08-11
LenaMiu,pre,2026-07-08,可以爱吗,PLS Love,官方先导预告,https://www.bilibili.com/video/BV1tXM56kE7t/,2026-08-11
LingOrm,broadcast,2024-06-24,我们的秘密,The Secret of Us,泰国首播,https://www.youtube.com/watch?v=hANGeyWsdAk,2026-08-11
LingOrm,broadcast,2025-07-18,只有你,Only You,泰国首播,https://www.bilibili.com/video/BV1kTuUzLEPV/,2026-08-11
LingOrm,pre,2026-05-29,绘梦婚礼,In Love Forever,正式预告公开,https://www.bilibili.com/video/BV1ugV46tEo4/,2026-08-11
LingOrm,broadcast,2026-06-19,绘梦婚礼,In Love Forever,泰国首播,https://www.bilibili.com/video/BV1D4G96qEnb/,2026-08-11
EmiBonnie,broadcast,2025-01-18,我们的爱,Us,泰国首播,https://www.bilibili.com/video/BV1S5wjesE2z/,2026-08-11
EmiBonnie,pre,2025-11-25,月下之影,Moonshadow,项目招商预告公开,https://www.bilibili.com/video/BV132UQB9ETp/,2026-08-11
EmiBonnie,pre,2026-07-27,月下之影,Moonshadow,正式预告公开,https://search.bilibili.com/all?keyword=EmiBonnie%20Moonshadow,2026-08-11
EngLot,broadcast,2023-02-28,Show Me Love,Show Me Love,泰国首播,https://www.bilibili.com/video/BV1Ty4y1f7LF/,2026-08-11
EngLot,broadcast,2024-06-07,Love Bully,Love Bully,泰国首播,https://www.bilibili.com/video/BV1Js421u7pw/,2026-08-11
EngLot,broadcast,2024-11-23,铁锈味的雨滴,Petrichor,泰国首播,https://www.bilibili.com/video/BV1dtBDYgEQA/,2026-08-11
EngLot,pre,2025-08-22,无限的爱,Unlimited Love,正式预告公开,https://www.bilibili.com/video/BV1raebzXEtf/,2026-08-11
EngLot,broadcast,2025-10-11,无限的爱,Unlimited Love,泰国首播,https://www.bilibili.com/video/BV1AW4wzfE53/,2026-08-11
EnjoyJune,broadcast,2025-05-29,被拒绝的爱,Denied Love,泰国首播,https://www.bilibili.com/video/BV1BJ7LziEQG/,2026-08-11
FayeYoko,broadcast,2024-03-02,爱填满空白 第一季,Blank The Series Season 1,泰国首播,https://www.bilibili.com/video/BV1gb421p722/,2026-08-11
FayeYoko,broadcast,2024-05-18,爱填满空白 第二季,Blank The Series Season 2,泰国首播,https://www.bilibili.com/video/BV1Mz421a7xF/,2026-08-11
FreenBecky,broadcast,2026-05-16,风之恋歌,The Air,泰国首播,https://www.bilibili.com/video/BV1QgAgzTEML/,2026-08-11
FreenBecky,broadcast,2022-02-11,非你默属,Secret Crush On You,泰国首播,https://search.bilibili.com/all?keyword=Secret%20Crush%20On%20You%20Freen%20Becky,2026-08-11
FreenBecky,broadcast,2022-11-19,粉红理论,GAP The Series,泰国首播,https://search.bilibili.com/all?keyword=粉红理论%20Freen%20Becky,2026-08-11
FreenBecky,broadcast,2024-08-04,簪定此生,The Loyal Pin,泰国首播,https://www.bilibili.com/video/BV1kZm6YGEFi/,2026-08-11
FreenBecky,pre,2025-01-12,死亡遗迹之谜,Cranium,先行预告公开,https://www.bilibili.com/video/BV1UdcgeuELF/,2026-08-11
IceMemi,broadcast,2025-10-03,玩家,Player,泰国首播,https://www.bilibili.com/video/BV1PCyDBwER5/,2026-08-11
JanJingjing,pre,2025-11-25,宿敌恋人,Enemies With Benefits,项目招商预告公开,https://www.bilibili.com/video/BV1ggUhBoEgp/,2026-08-11
JanJingjing,broadcast,2026-05-03,宿敌恋人,Enemies With Benefits,泰国首播,https://www.gmm-tv.com/news/4214/?fbrefresh=CAN_BE_ANYTHING,2026-08-11
JuneMewnich,broadcast,2025-06-25,鲸鱼杂货铺,Whale Store xoxo,泰国首播,https://www.bilibili.com/video/BV1u8KDz4E47/,2026-08-11
JuneMewnich,pre,2025-11-25,爱的回声,Love's Echoes,项目招商预告公开,https://www.bilibili.com/video/BV1ggUhBoEgp/,2026-08-11
LMSY,broadcast,2024-08-30,爱情诡计,Affair,泰国首播,https://www.bilibili.com/video/BV1u3nRe2EXw/,2026-08-11
LMSY,broadcast,2025-07-26,和谐密语,Harmony Secret,泰国首播,https://www.bilibili.com/video/BV1cC8hzJEgk/,2026-08-11
MablePangjie,broadcast,2025-11-01,狱乱情迷,ClaireBell,泰国首播,https://www.bilibili.com/video/BV1D14wzCEqT/,2026-08-11
MilkLove,broadcast,2024-03-08,地球倾斜23.5度,23.5,泰国首播,https://www.bilibili.com/video/BV1fj421m7Fx/,2026-08-11
MilkLove,broadcast,2025-06-25,鲸鱼杂货铺,Whale Store xoxo,泰国首播,https://www.bilibili.com/video/BV1u8KDz4E47/,2026-08-11
MilkLove,pre,2025-11-25,Ditto,Ditto,项目招商预告公开,https://www.bilibili.com/video/BV1ggUhBoEgp/,2026-08-11
MilkLove,broadcast,2026-03-09,恋爱守则,Girl Rules,泰国首播,https://www.gmm-tv.com/news/4148/?fbrefresh=CAN_BE_ANYTHING,2026-08-11
NamtanFilm,broadcast,2024-10-19,冥王星之恋,Pluto,泰国首播,https://www.bilibili.com/video/BV1rVCfYnE8v/,2026-08-11
NamtanFilm,pre,2025-11-25,Her,Her,项目招商预告公开,https://www.bilibili.com/video/BV1ggUhBoEgp/,2026-08-11
NamtanFilm,broadcast,2026-03-09,恋爱守则,Girl Rules,泰国首播,https://www.gmm-tv.com/news/4148/?fbrefresh=CAN_BE_ANYTHING,2026-08-11
NikyEngland,broadcast,2026-05-24,女校风云,Shades,泰国首播,https://www.bilibili.com/video/BV11ncXzkEVr/,2026-08-11
NookAlex,broadcast,2026-05-24,女校风云,Shades,泰国首播,https://www.bilibili.com/video/BV11ncXzkEVr/,2026-08-11
OpalMint,broadcast,2026-05-24,女校风云,Shades,泰国首播,https://www.bilibili.com/video/BV11ncXzkEVr/,2026-08-11
PahnFond,pre,2025-11-25,那晚我看见了星星,Wish Upon a Star,项目招商预告公开,https://www.bilibili.com/video/BV1ggUhBoEgp/,2026-08-11
PuyfaiPloy,broadcast,2026-05-24,女校风云,Shades,泰国首播,https://www.bilibili.com/video/BV11ncXzkEVr/,2026-08-11
TkNur,broadcast,2025-10-05,危险女王,Dangerous Queen,泰国首播,https://www.bilibili.com/video/BV1cfYxzyEYo/,2026-08-11
ViewMim,pre,2025-11-25,芝士黄油面包,Bake Love Feeling,项目招商预告公开,https://www.bilibili.com/video/BV1ggUhBoEgp/,2026-08-11
ViewMim,broadcast,2026-03-09,恋爱守则,Girl Rules,泰国首播,https://www.gmm-tv.com/news/4148/?fbrefresh=CAN_BE_ANYTHING,2026-08-11
ArhoungPam,broadcast,2025-08-14,女神之境：换魂游戏,Queendom,泰国首播,https://www.bilibili.com/video/BV1Uza4zpEDM/,2026-08-11
AtomMer,broadcast,2026-02-25,我唯一的阳光,My Only Sunshine,泰国首播,https://www.youtube.com/watch?v=g-sMS2vcxcI,2026-08-11
FayGene,broadcast,2026-05-29,追逐爱情,Chasing Love,泰国首播（支线CP）,https://www.ptt.cc/bbs/ThaiDrama/M.1779012885.A.893.html,2026-08-11
FayMay,broadcast,2024-05-08,梦中的她,My Marvellous Dream Is You,泰国首播,https://www.bilibili.com/video/BV1fH4y1P7LH/,2026-08-11
FayMay,broadcast,2025-08-08,固执的爱,Somewhere Somehow,泰国首播,https://www.bilibili.com/video/BV1FHhozWEqw/,2026-08-11
GinJay,broadcast,2025-09-20,爱情毒药,Poisonous Love,泰国首播,https://www.bilibili.com/video/BV1rVxczXEzP/,2026-08-11
JaoyingMewnich,pre,2026-07-19,爱的回响,Love's Echoes,换角后合作阵容正式确认,https://girlsloveinfo.com/gmmtv-jaoying-mewnich-love-echoes-cast-change/,2026-08-11
KaoJaneJaneKao,broadcast,2025-10-02,设计爱情,Love Design,泰国首播,https://www.bilibili.com/video/BV12THMzKELW/,2026-08-11
KapookCiize,broadcast,2026-05-03,宿敌恋人,Enemies With Benefits,泰国首播（支线CP）,https://www.imdb.com/title/tt39044698/fullcredits/,2026-08-11
LillyBelle,broadcast,2026-02-06,想要成为超级巨星,I Wanna Be Sup'Tar,泰国首播,https://thestandard.co/lily-belle-remake-superstar-girls-love/,2026-08-11
LillyBelle,broadcast,2025-07-26,和谐密语,Harmony Secret,泰国首播,https://search.bilibili.com/all?keyword=和谐密语%20LillyBelle,2026-08-11
MeenBabe,broadcast,2024-06-20,Delete Your Past,Delete Your Past,泰国首播,https://www.youtube.com/watch?v=FEDYja9QznM,2026-08-11
MeenBabe,pre,2026-08-05,月影之下,Under Her Rules,定档10月17日,https://www.reddit.com/r/GirlsLove/comments/1vg9asj/under_her_rules_will_premiere_on_the_17th_of/,2026-08-11
MieAya,broadcast,2026-05-06,再次为你,Love Beyond Dreams,泰国首播,https://www.bilibili.com/video/BV1shR9BwE8y/,2026-08-11
MyChan,broadcast,2026-06-24,AI女孩,AI Girl,泰国首播,https://www.24vids.com/channel/memindyofficial,2026-08-11
NileNamwan,broadcast,2026-05-29,追逐爱情,Chasing Love,泰国首播,https://www.ptt.cc/bbs/ThaiDrama/M.1779012885.A.893.html,2026-08-11
TanYada,broadcast,2026-02-20,游乐园,Play Park,泰国首播,https://www.sina.cn/news/detail/5253246473994931.html,2026-08-11
